{"cameraMode":{"drawMode":0,"name":"Shaded","section":"Shading Mode"},"sceneLighting":true,"audioPlay":false,"sceneViewState":{"showFog":true,"showMaterialUpdate":false,"showSkybox":true,"showFlares":true,"showImageEffects":true,"showParticleSystems":true},"in2DMode":false,"pivot":{"x":108.04310607910156,"y":23.087711334228517,"z":9.678407669067383},"rotation":{"x":-0.3863435387611389,"y":0.1561780422925949,"z":-0.06658826768398285,"w":-0.9066915512084961},"size":16.91457748413086,"orthographic":false}